,temperatura,slope,slope_24h,delta,delta_24h,delta_z_30d,exposure_30d,thermal_dose_1h,thermal_dose,rank,rank_horno,persistence,paso_mean,paso_max,paso_std,paso_spread,paso_cv,paso_n_hot_tubes,paso_delta_ctrl,horno_global_max,horno_global_p95,horno_pass_gradient,horno_global_slope,horno_global_instability,lag_24h,target_T_24h,target_delta_24h,target_hot_24h
temperatura,1.0,0.061,0.099,0.809,0.806,0.265,0.274,1.0,0.299,-0.73,-0.88,0.356,0.491,0.413,0.143,0.151,0.067,0.269,0.417,0.25,0.275,0.117,0.031,-0.004,0.936,0.925,0.792,0.335
slope,0.061,1.0,0.045,0.032,0.005,0.087,-0.003,0.061,0.007,-0.028,-0.041,0.052,0.065,0.056,0.009,0.009,-0.003,0.054,0.04,0.057,0.052,0.026,0.602,0.026,-0.005,0.034,0.018,0.02
slope_24h,0.099,0.045,1.0,0.06,0.032,0.126,-0.008,0.099,0.023,-0.055,-0.068,0.063,0.084,0.072,0.021,0.019,0.008,0.063,0.058,0.078,0.073,0.045,0.066,0.047,-0.055,0.081,0.049,0.041
delta,0.809,0.032,0.06,1.0,0.987,0.349,0.356,0.809,0.335,-0.916,-0.863,0.293,-0.022,0.003,-0.005,-0.008,-0.001,0.012,-0.018,0.006,0.012,0.01,-0.001,0.016,0.788,0.787,0.968,0.28
delta_24h,0.806,0.005,0.032,0.987,1.0,0.306,0.36,0.806,0.339,-0.905,-0.857,0.288,-0.02,0.002,-0.006,-0.009,-0.003,0.013,-0.018,0.007,0.013,0.011,0.002,0.019,0.799,0.787,0.967,0.28
delta_z_30d,0.265,0.087,0.126,0.349,0.306,1.0,0.023,0.265,0.083,-0.285,-0.277,0.152,0.022,0.061,0.016,0.029,0.013,0.05,0.027,0.013,0.028,0.021,-0.01,0.001,0.223,0.235,0.301,0.136
exposure_30d,0.274,-0.003,-0.008,0.356,0.36,0.023,1.0,0.274,0.223,-0.325,-0.295,0.371,-0.075,-0.037,-0.028,-0.025,-0.019,0.083,-0.128,0.093,0.083,0.074,-0.005,0.075,0.285,0.251,0.349,0.341
thermal_dose_1h,1.0,0.061,0.099,0.809,0.806,0.265,0.274,1.0,0.299,-0.73,-0.88,0.356,0.491,0.413,0.143,0.151,0.067,0.269,0.417,0.25,0.275,0.117,0.031,-0.004,0.936,0.925,0.792,0.335
thermal_dose,0.299,0.007,0.023,0.335,0.339,0.083,0.223,0.299,1.0,-0.368,-0.353,0.154,0.016,0.033,0.033,0.004,0.028,0.034,0.008,0.02,0.028,0.081,-0.0,0.06,0.297,0.296,0.334,0.15
rank,-0.73,-0.028,-0.055,-0.916,-0.905,-0.285,-0.325,-0.73,-0.368,1.0,0.831,-0.261,0.037,0.061,0.04,0.088,0.037,0.024,0.036,0.016,0.013,-0.022,-0.0,-0.02,-0.712,-0.713,-0.889,-0.247
rank_horno,-0.88,-0.041,-0.068,-0.863,-0.857,-0.277,-0.295,-0.88,-0.353,0.831,1.0,-0.32,-0.256,-0.194,-0.048,-0.038,-0.009,-0.137,-0.218,0.019,0.016,-0.025,-0.003,-0.028,-0.846,-0.845,-0.841,-0.302
persistence,0.356,0.052,0.063,0.293,0.288,0.152,0.371,0.356,0.154,-0.261,-0.32,1.0,0.269,0.313,0.174,0.172,0.123,0.482,0.229,0.239,0.245,0.127,0.027,0.044,0.337,0.323,0.275,0.76
paso_mean,0.491,0.065,0.084,-0.022,-0.02,0.022,-0.075,0.491,0.016,0.037,-0.256,0.269,1.0,0.821,0.261,0.286,0.109,0.538,0.892,0.479,0.524,0.198,0.066,0.005,0.431,0.424,-0.018,0.246
paso_max,0.413,0.056,0.072,0.003,0.002,0.061,-0.037,0.413,0.033,0.061,-0.194,0.313,0.821,1.0,0.649,0.685,0.53,0.658,0.751,0.527,0.571,0.181,0.053,0.015,0.359,0.357,0.004,0.285
paso_std,0.143,0.009,0.021,-0.005,-0.006,0.016,-0.028,0.143,0.033,0.04,-0.048,0.174,0.261,0.649,1.0,0.945,0.982,0.387,0.274,0.285,0.307,0.043,0.008,-0.029,0.123,0.128,-0.005,0.164
paso_spread,0.151,0.009,0.019,-0.008,-0.009,0.029,-0.025,0.151,0.004,0.088,-0.038,0.172,0.286,0.685,0.945,1.0,0.922,0.405,0.301,0.298,0.312,0.032,0.008,-0.048,0.131,0.135,-0.008,0.161
paso_cv,0.067,-0.003,0.008,-0.001,-0.003,0.013,-0.019,0.067,0.028,0.037,-0.009,0.123,0.109,0.53,0.982,0.922,1.0,0.287,0.133,0.206,0.223,0.014,-0.003,-0.028,0.057,0.06,-0.002,0.116
paso_n_hot_tubes,0.269,0.054,0.063,0.012,0.013,0.05,0.083,0.269,0.034,0.024,-0.137,0.482,0.538,0.658,0.387,0.405,0.287,1.0,0.48,0.494,0.49,0.214,0.051,0.07,0.238,0.234,0.013,0.385
paso_delta_ctrl,0.417,0.04,0.058,-0.018,-0.018,0.027,-0.128,0.417,0.008,0.036,-0.218,0.229,0.892,0.751,0.274,0.301,0.133,0.48,1.0,0.421,0.456,0.147,0.036,-0.074,0.385,0.409,-0.015,0.232
horno_global_max,0.25,0.057,0.078,0.006,0.007,0.013,0.093,0.25,0.02,0.016,0.019,0.239,0.479,0.527,0.285,0.298,0.206,0.494,0.421,1.0,0.876,0.422,0.087,0.065,0.211,0.199,0.008,0.21
horno_global_p95,0.275,0.052,0.073,0.012,0.013,0.028,0.083,0.275,0.028,0.013,0.016,0.245,0.524,0.571,0.307,0.312,0.223,0.49,0.456,0.876,1.0,0.452,0.079,0.1,0.238,0.222,0.014,0.217
horno_pass_gradient,0.117,0.026,0.045,0.01,0.011,0.021,0.074,0.117,0.081,-0.022,-0.025,0.127,0.198,0.181,0.043,0.032,0.014,0.214,0.147,0.422,0.452,1.0,0.033,0.166,0.097,0.084,0.01,0.108
horno_global_slope,0.031,0.602,0.066,-0.001,0.002,-0.01,-0.005,0.031,-0.0,-0.0,-0.003,0.027,0.066,0.053,0.008,0.008,-0.003,0.051,0.036,0.087,0.079,0.033,1.0,0.034,-0.019,0.017,0.001,0.008
horno_global_instability,-0.004,0.026,0.047,0.016,0.019,0.001,0.075,-0.004,0.06,-0.02,-0.028,0.044,0.005,0.015,-0.029,-0.048,-0.028,0.07,-0.074,0.065,0.1,0.166,0.034,1.0,-0.001,-0.004,0.015,0.041
lag_24h,0.936,-0.005,-0.055,0.788,0.799,0.223,0.285,0.936,0.297,-0.712,-0.846,0.337,0.431,0.359,0.123,0.131,0.057,0.238,0.385,0.211,0.238,0.097,-0.019,-0.001,1.0,0.879,0.777,0.323
target_T_24h,0.925,0.034,0.081,0.787,0.787,0.235,0.251,0.925,0.296,-0.713,-0.845,0.323,0.424,0.357,0.128,0.135,0.06,0.234,0.409,0.199,0.222,0.084,0.017,-0.004,0.879,1.0,0.805,0.356
target_delta_24h,0.792,0.018,0.049,0.968,0.967,0.301,0.349,0.792,0.334,-0.889,-0.841,0.275,-0.018,0.004,-0.005,-0.008,-0.002,0.013,-0.015,0.008,0.014,0.01,0.001,0.015,0.777,0.805,1.0,0.291
target_hot_24h,0.335,0.02,0.041,0.28,0.28,0.136,0.341,0.335,0.15,-0.247,-0.302,0.76,0.246,0.285,0.164,0.161,0.116,0.385,0.232,0.21,0.217,0.108,0.008,0.041,0.323,0.356,0.291,1.0
