feature_1,feature_2,rho,imp_1,imp_2
persistence,hot,0.9996459871092747,0.044,0.032
delta_24h,delta,0.9872231870183626,0.075,0.072
paso_std,paso_cv,0.9822148999380019,0.029,0.027
paso_std,paso_spread,0.9452627514898432,0.029,0.02
paso_cv,paso_spread,0.9214619121578739,0.027,0.02
delta,rank,-0.9147257755908134,0.072,0.028
delta_24h,rank,-0.902697091348139,0.075,0.028
paso_delta_ctrl,paso_mean,0.8887575102720294,0.024,0.022
temperatura,rank_horno,-0.884075314464336,0.084,0.036
horno_global_p95,horno_global_max,0.876263114650967,0.025,0.02
delta,rank_horno,-0.8640933074190288,0.072,0.036
horno_global_max,horno_n_hot_tubes,0.8622542314368402,0.02,0.006
delta_24h,rank_horno,-0.8575172988131221,0.075,0.036
rank_horno,rank,0.8330587225026459,0.036,0.028
horno_global_p95,horno_n_hot_tubes,0.8250820017834314,0.025,0.006
paso_max,paso_mean,0.8213771254669207,0.033,0.022
temperatura,delta,0.8117523290905089,0.084,0.072
exposure_30d,thermal_dose_30d,0.8084336997979583,0.044,0.041
temperatura,delta_24h,0.8074699814202708,0.084,0.075
