,TMT,conv_paso,ctrl_paso,h_desde_arranque,lag_1h,lag_24h,roll_mean_24h,roll_std_24h,rampa_1h,rampa_6h,resid_paso,z_resid_30d,dano_1h,D_acum,h650_acum,sat_acum,target_T_24h,anomalia,sat
TMT,1.0,0.177,0.129,0.055,0.992,0.932,0.97,-0.026,0.036,0.067,0.827,0.267,1.0,0.32,0.575,0.304,0.924,0.005,
conv_paso,0.177,1.0,0.113,0.171,0.171,0.157,0.166,-0.181,0.045,0.046,-0.029,0.011,0.095,0.001,0.025,-0.037,0.16,-0.078,-0.023
ctrl_paso,0.129,0.113,1.0,-0.008,0.107,0.072,0.095,0.033,0.284,0.224,0.0,-0.002,0.085,0.104,0.043,0.116,0.045,0.026,0.057
h_desde_arranque,0.055,0.171,-0.008,1.0,0.055,0.077,0.07,-0.055,-0.006,-0.011,0.012,0.01,-0.003,-0.036,-0.003,-0.008,0.041,0.019,-0.055
lag_1h,0.992,0.171,0.107,0.055,1.0,0.934,0.972,-0.026,-0.037,0.034,0.826,0.263,0.989,0.32,0.575,0.304,0.921,0.001,0.021
lag_24h,0.932,0.157,0.072,0.077,0.934,1.0,0.971,-0.025,-0.008,-0.011,0.806,0.224,0.926,0.317,0.57,0.3,0.876,-0.001,0.021
roll_mean_24h,0.97,0.166,0.095,0.07,0.972,0.971,1.0,-0.037,-0.012,-0.021,0.817,0.24,0.967,0.321,0.574,0.305,0.906,-0.002,0.026
roll_std_24h,-0.026,-0.181,0.033,-0.055,-0.026,-0.025,-0.037,1.0,0.01,0.03,0.004,0.023,-0.027,0.086,0.044,-0.006,-0.018,0.159,0.026
rampa_1h,0.036,0.045,0.284,-0.006,-0.037,-0.008,-0.012,0.01,1.0,0.378,0.007,0.023,0.036,0.003,0.004,0.001,0.008,0.017,
rampa_6h,0.067,0.046,0.224,-0.011,0.034,-0.011,-0.021,0.03,0.378,1.0,0.033,0.096,0.067,0.007,0.01,-0.004,0.03,0.021,
resid_paso,0.827,-0.029,0.0,0.012,0.826,0.806,0.817,0.004,0.007,0.033,1.0,0.343,0.827,0.365,0.66,0.345,0.806,0.016,
z_resid_30d,0.267,0.011,-0.002,0.01,0.263,0.224,0.24,0.023,0.023,0.096,0.343,1.0,0.267,0.088,0.135,0.03,0.236,0.043,
dano_1h,1.0,0.095,0.085,-0.003,0.989,0.926,0.967,-0.027,0.036,0.067,0.827,0.267,1.0,0.423,0.416,0.403,0.918,0.007,0.479
D_acum,0.32,0.001,0.104,-0.036,0.32,0.317,0.321,0.086,0.003,0.007,0.365,0.088,0.423,1.0,0.633,0.645,0.319,-0.009,0.402
h650_acum,0.575,0.025,0.043,-0.003,0.575,0.57,0.574,0.044,0.004,0.01,0.66,0.135,0.416,0.633,1.0,0.238,0.571,0.007,-0.041
sat_acum,0.304,-0.037,0.116,-0.008,0.304,0.3,0.305,-0.006,0.001,-0.004,0.345,0.03,0.403,0.645,0.238,1.0,0.301,-0.008,0.424
target_T_24h,0.924,0.16,0.045,0.041,0.921,0.876,0.906,-0.018,0.008,0.03,0.806,0.236,0.918,0.319,0.571,0.301,1.0,-0.006,0.025
anomalia,0.005,-0.078,0.026,0.019,0.001,-0.001,-0.002,0.159,0.017,0.021,0.016,0.043,0.007,-0.009,0.007,-0.008,-0.006,1.0,-0.037
sat,,-0.023,0.057,-0.055,0.021,0.021,0.026,0.026,,,,,0.479,0.402,-0.041,0.424,0.025,-0.037,1.0
