inicio,fin,horas,t_min,dias
2008-06-06 06:00:00,2008-06-14 11:00:00,198.0,10.050312,8.25
2008-06-17 07:00:00,2008-06-22 15:00:00,129.0,40.987534,5.375
2008-06-30 08:00:00,2008-07-08 11:00:00,196.0,12.196594,8.166666666666666
2010-03-02 00:00:00,2010-04-19 07:00:00,1160.0,10.933895,48.333333333333336
2011-02-15 03:00:00,2011-02-25 02:00:00,240.0,22.226074,10.0
2011-05-27 14:00:00,2011-06-01 21:00:00,128.0,12.101112,5.333333333333333
2011-07-01 23:00:00,2011-07-03 00:00:00,26.0,135.63483,1.0833333333333333
2011-09-24 21:00:00,2011-09-27 12:00:00,64.0,23.550255,2.6666666666666665
2012-05-01 04:00:00,2012-05-08 05:00:00,170.0,13.289495,7.083333333333333
2012-08-02 17:00:00,2012-09-15 03:00:00,1043.0,8.583281,43.458333333333336
2012-10-08 06:00:00,2012-10-10 00:00:00,43.0,130.32033,1.7916666666666667
2013-06-19 03:00:00,2013-06-28 02:00:00,216.0,9.874635,9.0
2014-04-11 04:00:00,2014-04-12 19:00:00,40.0,120.17777,1.6666666666666667
2014-04-16 05:00:00,2014-04-18 12:00:00,56.0,100.40341,2.3333333333333335
2014-07-10 05:00:00,2014-07-28 14:00:00,442.0,10.141457,18.416666666666668
2015-10-23 12:00:00,2015-11-13 07:00:00,500.0,13.64912,20.833333333333332
2016-08-18 12:00:00,2016-08-22 13:00:00,98.0,14.486339,4.083333333333333
2016-10-06 11:00:00,2016-11-06 05:00:00,739.0,11.422907,30.791666666666668
2017-01-18 00:00:00,2017-01-29 19:00:00,284.0,20.813528,11.833333333333334
2019-02-25 02:00:00,2019-03-08 01:00:00,264.0,16.684422,11.0
2021-01-27 06:00:00,2021-01-28 03:00:00,22.0,113.31906,0.9166666666666666
2021-04-16 06:00:00,2021-05-01 12:00:00,367.0,13.310587,15.291666666666666
2021-10-11 11:00:00,2022-01-10 04:00:00,2178.0,11.081863,90.75
2023-04-04 23:00:00,2023-04-06 07:00:00,33.0,81.48385,1.375
2023-06-06 19:00:00,2023-06-08 23:00:00,53.0,112.940704,2.2083333333333335
2023-12-20 23:00:00,2023-12-21 18:00:00,20.0,91.09273,0.8333333333333334
2023-12-24 21:00:00,2024-01-06 06:00:00,298.0,19.290447,12.416666666666666
2024-01-12 10:00:00,2024-01-21 11:00:00,218.0,19.281849,9.083333333333334
2024-02-02 19:00:00,2024-02-05 15:00:00,69.0,135.0892,2.875
2025-02-26 06:00:00,2025-03-08 00:00:00,235.0,20.613602,9.791666666666666
2025-04-02 13:00:00,2025-05-23 01:00:00,1213.0,12.017891,50.541666666666664
2026-01-19 04:00:00,2026-01-25 13:00:00,154.0,20.006042,6.416666666666667
