tubo,paso,D_hoy,actual,+10 °C,+20 °C,+30 °C
17A,P1,0.005689,0.010406,0.014616,0.022373,0.036494
17B,P1,0.001832,0.002415,0.002989,0.004096,0.006205
17C,P1,0.108766,0.108888,0.108997,0.109197,0.109561
17D,P1,0.000643,0.00068,0.000717,0.000788,0.000927
17E,P1,0.004763,0.007076,0.009248,0.013345,0.020972
17F,P1,0.026706,0.030447,0.034089,0.04107,0.05427
18A,P2,0.00749,0.00749,0.00749,0.007491,0.007491
18B,P2,0.115768,0.117141,0.118428,0.120859,0.125388
18C,P2,0.000571,0.000671,0.000763,0.000936,0.001254
18D,P2,0.151502,0.154883,0.158033,0.163952,0.174932
18E,P2,0.005443,0.008111,0.010596,0.015266,0.023931
18F,P2,0.098182,0.098293,0.098395,0.098586,0.098939
31A,P3,0.001768,0.002986,0.004172,0.006447,0.010751
31B,P3,0.128066,0.132194,0.135989,0.143074,0.156139
31C,P3,0.041759,0.041884,0.042012,0.042262,0.042748
31D,P3,0.003569,0.003872,0.00417,0.004749,0.005859
31E,P3,0.009254,0.014999,0.020206,0.029868,0.047573
31F,P3,0.000778,0.000824,0.000867,0.000947,0.001097
32A,P4,0.009068,0.012322,0.015313,0.020901,0.031206
32B,P4,0.008023,0.012192,0.016019,0.023159,0.036316
32C,P4,0.034613,0.036205,0.037756,0.040731,0.046358
32D,P4,0.010939,0.012875,0.014701,0.018154,0.024596
32E,P4,0.0018,0.00191,0.002034,0.002288,0.002801
32F,P4,0.001367,0.00157,0.001753,0.002091,0.002708
