objetivo,caso,modelo,n_feats,MAE,MAE_base,mejora_%,R2,seg
dano_30d,C1_min_fisico,XGB,6,7.890483007669609e-05,9.838470809428592e-05,19.799700984955415,0.05905893148537544,0.5997331142425537
dano_30d,C2_nivel1,RF,16,7.940903787795479e-05,9.864866885092439e-05,19.503183567579708,0.05285131550546762,7.246852874755859
dano_30d,C3_nivel1_2,XGB,26,8.167334967999983e-05,9.871635637837239e-05,17.264622929403917,0.07369835814072834,0.862821102142334
dano_30d,C1_min_fisico,RF,6,8.199078872078732e-05,9.838470809428592e-05,16.66307670272057,0.07600318646125803,4.079792022705078
dano_30d,C3_nivel1_2,RF,26,8.21964715615496e-05,9.871635637837239e-05,16.73469870940466,0.08733832746593928,10.626185894012451
dano_30d,C4_todo,RF,36,8.357060322573868e-05,9.871635637837239e-05,15.342698726218362,0.08054777630207088,12.042259931564331
dano_30d,C5_sin_nivel_termico,RF,31,8.472948868793973e-05,9.871635637837239e-05,14.168743867350663,0.0749578229775073,9.581190824508667
dano_30d,C2_nivel1,XGB,16,8.533980911911503e-05,9.864866885092439e-05,13.491170115961125,-0.05318230833863202,0.7417969703674316
dano_30d,C4_todo,XGB,36,8.557049642485665e-05,9.871635637837239e-05,13.31680021001651,0.053858854918719334,1.076314926147461
dano_30d,C5_sin_nivel_termico,XGB,31,8.946857821576419e-05,9.871635637837239e-05,9.368030285844586,0.020391096024598654,1.006964921951294
dano_30d,C7_con_acumuladas,RF,38,9.19658097088384e-05,9.871635637837239e-05,6.838326410326223,0.010627106937150077,13.266913175582886
dano_30d,C7_con_acumuladas,XGB,38,0.00010070561320175948,9.871635637837239e-05,-2.01512383192346,-0.21704630566793526,1.1450231075286865
dano_30d,C6_solo_paso_horno,RF,18,0.00010662912537303364,9.881574193992669e-05,-7.9070229901800015,0.007026760477158223,9.364658832550049
dano_30d,C6_solo_paso_horno,XGB,18,0.00011041935881463599,9.881574193992669e-05,-11.742680515178971,-0.02831392405317512,0.8066120147705078
T_24h,C3_nivel1_2,RF,26,20.610764127753463,22.104568481445312,6.757898734579493,0.6175886533814066,9.446568012237549
T_24h,C3_nivel1_2,XGB,26,21.35712242126465,22.104568481445312,3.381409869222618,0.5900393724441528,2.008490800857544
T_24h,C4_todo,RF,36,22.029475331421843,22.104568481445312,0.33971778316551626,0.6093862126495366,12.394883155822754
T_24h,C7_con_acumuladas,RF,38,22.04809776638325,22.104568481445312,0.2554707869980133,0.6130808066271932,13.155224800109863
T_24h,C1_min_fisico,RF,6,22.50356491767049,22.29801368713379,-0.9218365071473,0.5845551210960818,3.4675369262695312
T_24h,C2_nivel1,RF,16,24.57712557253454,22.345561981201172,-9.986607601145735,0.5545689518966852,6.306348085403442
T_24h,C1_min_fisico,XGB,6,25.747798919677734,22.29801368713379,-15.471266996909726,0.3899790644645691,1.4341230392456055
T_24h,C5_sin_nivel_termico,RF,31,26.991424198103257,22.104568481445312,-22.107899191789215,0.570186872447723,11.05869197845459
T_24h,C2_nivel1,XGB,16,28.10184097290039,22.345561981201172,-25.76027846845763,0.44573312997817993,1.591031789779663
T_24h,C4_todo,XGB,36,36.10325241088867,22.104568481445312,-63.329369859420346,0.30282431840896606,2.565138101577759
T_24h,C5_sin_nivel_termico,XGB,31,38.9637451171875,22.104568481445312,-76.2701006802909,0.2505999207496643,2.297214984893799
T_24h,C7_con_acumuladas,XGB,38,41.16688919067383,22.104568481445312,-86.23701804099693,0.2067827582359314,2.5756962299346924
T_24h,C6_solo_paso_horno,RF,18,49.38317905635593,22.133663177490234,-123.11344787508216,0.2610743262166514,11.436872005462646
T_24h,C6_solo_paso_horno,XGB,18,57.314510345458984,22.133663177490234,-158.94724197189106,-0.0030858516693115234,1.8381800651550293
