tubo,D_hoy,tasa_RF,tasa_p50,tasa_p90,D_2028_RF,RUL_anos_RF,fin_vida_RF,D_2028_p50,RUL_anos_p50,fin_vida_p50,D_2028_p90,RUL_anos_p90,fin_vida_p90
P2 T1 NO,0.15150218,3.0685346570146526e-06,9.312222131660808e-06,0.0001676153219250409,0.15253013622935496,757.5770810986437,,0.15462177153336143,249.63445844011383,,0.20765330996414377,13.868967955989092,2039-12-10 04:09:33.460072064
P3 T5 SP,0.1280659,6.929111303559277e-07,7.3326498007496455e-06,0.0001723950184896239,0.12829802424314218,3447.5713938139406,,0.1305223366977241,325.7840830235962,,0.18581823020849697,13.856900346654502,2039-12-05 18:26:49.332096320
P2 T5 NP,0.115768395,2.0494364224753074e-08,2.684512736921768e-06,0.0001676656425287446,0.11577526097629981,118205.78458244662,,0.1166677071311533,902.4179209085125,,0.17193638561141394,14.448710935456202,2040-07-08 18:42:28.060546752
P2 T10 SO,0.098181956,3.5764093176344044e-07,5.043953016865454e-07,0.0001679054342023139,0.0983017652284791,6908.421627953066,,0.09835092794240334,4898.40872778642,,0.15443027597411352,14.715035042039094,2040-10-13 23:42:25.085744896
P1 T10 NP,0.10876618,1.1491229326678787e-11,2.0330116453010876e-07,6.402680203546217e-05,0.10876618710666479,212486964.97015524,,0.10883428914722056,12010.440024018635,,0.1302151619389828,38.136161197768786,2064-03-10 16:46:19.532836352
P4 T10 SP,0.034612846,1.7713857744555226e-06,4.299660037661294e-05,0.00015915272682226107,0.03520625986389626,1493.1227190055527,,0.04901670675561899,61.514080666745464,2087-07-21 15:20:47.906484736,0.08792900911491111,16.618605265347167,2042-09-08 18:58:55.647988288
P3 T10 NP,0.041758806,2.603308594907843e-06,3.6134770407440654e-08,4.0141456407276847e-07,0.042630913892676085,1008.4545596494534,,0.04177091066146845,72653.52437852591,,0.041893279392346335,6540.167342392459,
P1 T10 NO,0.026705712,1.7910843306233943e-08,2.5739987134127457e-06,3.826305278207224e-06,0.02671171221250942,148879.62368322414,,0.027568001648995102,1035.9599627560945,,0.027987524348201252,696.9019504190456,
P4 T5 NP,0.00802346,6.111734203680599e-06,1.236694862531112e-06,1.882210418189503e-05,0.010070891353867175,444.67640560478185,,0.008437753174582096,2197.5865510932545,,0.014328865296569009,144.39108249749722,
P3 T5 SO,0.009254337,7.871785536806172e-08,6.677045206268989e-07,1.2558224566410202e-05,0.009280707769987575,34482.28700492117,,0.009478018302849285,4065.2288510266358,,0.013461342518186693,216.14294814201497,
P4 T1 NP,0.009067925,3.3423847334225597e-06,7.82424579124892e-06,1.303906416498061e-05,0.01018762357892337,812.2590719153035,,0.011689047033295203,346.9832612608063,,0.013436011188495318,208.21143965570204,
P4 T1 NO,0.010939273,3.3068538804825846e-08,1.7573854268383548e-06,4.215048380946046e-06,0.01095035101241717,81943.6068310698,,0.011527997169908401,1541.92432742295,,0.012351314259534478,642.876450612041,
P1 T1 SP,0.0056894324,3.983905788913592e-06,1.1534184803845318e-07,8.786853202092326e-06,0.007024040818144381,683.7858772205515,,0.005728071897951209,23617.954462877417,,0.008633028201559256,310.0243570687675,
P2 T1 NP,0.007490174,9.011408461276052e-08,1.135888739545548e-17,3.3290280984461583e-07,0.0075203621318837306,30175.139192039514,,0.007490173913542261,239390087398981.34,,0.007601696354836402,8168.164899606821,
P2 T5 NO,0.005442719,3.711323710472611e-06,2.8351146960223576e-06,6.137997512277605e-06,0.006686012418254277,734.1893694934633,,0.0063924823984134425,961.0949492805069,,0.00749894814185895,443.9256303912936,
P1 T5 SO,0.004762969,2.2225553849892062e-06,1.6191194428857346e-06,5.11945357000863e-06,0.00550752503374729,1226.8206562667974,,0.005305373993142627,1684.0492330461077,,0.006477985925728797,532.6109161289191,
P3 T1 SO,0.0035693252,3.637764708578844e-05,1.8275035764569215e-07,8.762053378847451e-07,0.015755836973089844,75.04463120737334,2101-01-28 06:58:09.755725824,0.0036305465691620215,14938.121845089174,,0.0038628539875421044,3115.6476589555623,
P3 T1 SP,0.0017684627,8.496685020865409e-07,1.464455324636427e-07,1.981685301189246e-06,0.0020531016573501998,3218.7622560006957,,0.0018175219625265286,18675.07228537532,,0.002432327285049606,1380.0783116206965,
P1 T5 SP,0.0018315687,2.5594854245076123e-06,6.560575539224696e-07,1.141131369201506e-06,0.002688996278355916,1068.4600675289469,,0.0020513479417098935,4168.396435889429,,0.0022138476698283704,2396.488295140235,
P4 T5 NO,0.0018002368,8.951784141094076e-08,1.2507136759341292e-08,3.66645644641939e-07,0.0018302252347173517,30550.2659851129,,0.001804426648659066,218658.66809802328,,0.001923063048799736,7458.956366952499,
P4 T10 SO,0.0013665038,1.8429355879599083e-17,1.858408328297688e-07,4.167806947641318e-07,0.00136650376953802,148457831102629.84,,0.0014287604485298186,14722.1800550687,,0.0015061253022778302,6564.560779505755,
P3 T10 NO,0.0007777139,1.3582673861038376e-06,1.1124770049486879e-08,4.3477965511678906e-07,0.0012327334705858246,2015.5054239169901,,0.0007814406942076172,246081.06699231116,,0.0009233650807051634,6296.511926452662,
P2 T10 SP,0.00057147996,8.087011418261206e-07,1.8086095982619644e-07,5.563941953751073e-07,0.0008423948451847887,3385.8741648505825,,0.000632068384214814,15139.587370461504,,0.0007578720181236992,4921.259650000893,
P1 T1 SO,0.00064282905,2.897765958977696e-08,1.124437135542586e-07,2.621629007661792e-07,0.0006525365667381926,94485.36808629544,,0.000680497694816294,24349.647891149263,,0.0007306536225322874,10443.753958388688,
